"id","ruc","razon_social","departamento","provincia","distrito","direccion","cobertura","estado","created_at","updated_at"
"2","20609660490","Transportes S.A.C.","lima","Lima","Lima Centro","Av. Los alpinos 456",,,,"2023-10-18 17:31:25"
"3","78454782316","Transporta2 S.A.C.","lima","Lima","Lima Centro","Av. La marina 147","Trujillo, Piura, Junín",,,"2023-12-19 15:16:41"
"4","20600876211","GRAU LOGISTICA EXPRESS S.A.","LIMA","LIMA","ATE","AV. EVITAMIENTO MZ. B LOTE 12 Y 13 - ATE 1502","PIURA, LA LIBERTAD",,,"2025-03-03 20:48:56"
"5","20603369930","TRANSPORTES BERTHA CANTURIN E.I.R.L.","CALLAO","PROV. CONST DEL CALLAO","CALLAO","AV. 28 DE JULIO 1928- La Victoria",,,,
"6","20603099088","CORPORACION ACUARIO EXPRESS SOCIEDAD ANONIMA CERRADA - CORAEX S.A.C.","LIMA","LIMA","ATE","Cl. Sta.Teresa 190-192 Urb.Los sauces - ATE","CUSCO",,,"2024-04-26 14:01:53"
"7","20458949671","TRANSPORTE CARGUERO PEGASO SRL","LIMA","LIMA","ATE","Cal. la Calera Nro. 290",,,,"2024-03-09 16:36:15"
"8","20564483061","EMPRESA DE TRANSPORTES APUSUR CARGO S.R.L.","LIMA","LIMA","LA VICTORIA","JR. RENOVACION 555 - LA VICTORIA","ABANCAY",,,"2024-03-01 14:50:23"
"9","20566548101","CARHUAMAYO PERU S.A.C.","LIMA","LIMA","LA VICTORIA","JR. LUNA PIZARRO 470 - LA VICTORIA","PASCO",,,
"11","20603099088","Corporacion Acuario Express S.A.C.","Cusco","Cusco","Wanchaq","Cal.Paraguay Mza. I Lote. 6 Urb. Parque Industrial ","Cusco","1","0000-00-00 00:00:00","2024-02-08 15:43:35"
"12","10464893283","BASILIO RODRIGUEZ KAREN PAOLA","lima","Lima","LA VICTORIA","Jr. Renovación 300 La Victoria","La Libertad","0","0000-00-00 00:00:00","2024-04-05 23:13:48"
"13","20602395040","Apusur Cargo E.I.R.L","Apurimac","Abancay","Abancay","Av. Panamericana Nro. Sn Urb. Llacchero (A 100 Metro De Terminal Wari)","Apurimac (Sus 7 Provincias)","1","0000-00-00 00:00:00","2024-09-20 23:05:43"
"14","20337407278","Transportes Aragon S.A.C.","Lima","Lima","San Martin De Porres","Mza. E Lote. 5 Urb. San Amadeo De Garagay","Madre De Dios","0","0000-00-00 00:00:00","2024-07-11 14:48:13"
"15","20600583701","Corporacion Marber S.A.C. - Transportes Bertha","Lima","Lima","La Victoria","Av. 28 De Julio Nro. 1928","Tacna","0","0000-00-00 00:00:00","2024-03-18 22:40:15"
"16","20603768168","Grupo Camaro S.A.C.","Lima","Lima","Ate","Mza. A Lote. 9 Urb. Los Olivos De Ate 1Era Etapa","Islay - Arequipa","0","0000-00-00 00:00:00","0000-00-00 00:00:00"
"17","20605374639","Empresa De Transportes Carhuamayo Cargo S.A.C.","Lima","Lima","Ate","Mza. A Lote. 7 Urb. Santa Rosita De Ate 1Era Etapa (A Media Cdra. De La Linea 91)","Huancayo - Jauja","1","0000-00-00 00:00:00","2024-05-29 18:20:39"
"18","20605374639","Empresa De Transportes Carhuamayo Cargo S.A.C.","Lima","Lima","Ate","Mza. A Lote. 7 Urb. Santa Rosita De Ate 1Era Etapa (A Media Cdra. De La Linea 91)","Tarma - La Merced - Huanuco","1","0000-00-00 00:00:00","2024-05-29 18:20:43"
"19","20605374639","Empresa De Transportes Carhuamayo Cargo S.A.C.","Lima","Lima","Ate","Mza. A Lote. 7 Urb. Santa Rosita De Ate 1Era Etapa (A Media Cdra. De La Linea 91)","Oroya - Cayhuamayo - Junin","0","0000-00-00 00:00:00","0000-00-00 00:00:00"
"20","20605374639","Empresa De Transportes Carhuamayo Cargo S.A.C.","Lima","Lima","LA VICTORIA","Obreros 177 la victoria cuadra 6 de GRAU espalda de instituto José pardo","Pasco - Yanacancha","0","0000-00-00 00:00:00","2024-05-29 18:44:09"
"21","20605657649","Corporacion Central Express S.R.L.","LIMA","LIMA","LA VICTORIA","JR. GUIRIBALDI 1188 - LA VICTORIA","HUANCAYO","0","0000-00-00 00:00:00","2024-10-02 18:09:19"
"22","20612220345","CORRALES TUMBES CARGO EXPRESS S.A.C","LIMA","LIMA","LA VICTORIA","JR. GARCIA NARANJO 1014- LA VICTORIA","TUMBES","0","0000-00-00 00:00:00","2024-12-13 15:43:29"
"23","20455191476","Don Goyo","Arequipa","Arequipa","Jose Luis Bustamante","Mza. D Lote. 3 Urb. Santa Elsa ","Cusco","0","0000-00-00 00:00:00","0000-00-00 00:00:00"
"24","20560190906","Ecotur Vip S.A.C.","La Libertad","Trujillo","Trujillo","Mza. B Lote. 24 Urb. El Valle I Etapa","Cajbamba - Cajamarca","0","0000-00-00 00:00:00","0000-00-00 00:00:00"
"25","20555059184","Transporte Y Multiservicios El Principe S.A.C.","Lima","Lima","La Victoria","Jr. Francisco Luna Pizarro Nro. 463","San Martin","0","0000-00-00 00:00:00","0000-00-00 00:00:00"
"26","20555059184","Transporte Y Multiservicios El Principe S.A.C.","Lima","Lima","La Victoria","Jr. Francisco Luna Pizarro Nro. 464","Huanuco","0","0000-00-00 00:00:00","0000-00-00 00:00:00"
"27","20610324291","Multiservicios Transportes & Distribuciones Evanan E.I.R.L.","Ayacucho","Huamanga","Ayacucho","Jr. Quinua Nro. 520 Asc. Magisterial","Ayacucho","1","0000-00-00 00:00:00","2024-02-08 15:40:53"
"28","20119407738","EMP. DE TRANS. FLORES HNOS. SRL.","LIMA","LIMA","LA VICTORIA","V. PASEO DE LA REPUBLICA 619- NRO. 627","TACNA","0","0000-00-00 00:00:00","2024-02-12 21:29:57"
"29","20508074281","Expreso Grael Sociedad Anonima Cerrada","Lima","Lima","La Victoria","Av. Prolongacion Andahuaylas Nro. 699 Int. A","HUANUCO-TINGO MARIA-PULCAPA-TARAPOTO-IQUITOS-","0","0000-00-00 00:00:00","2024-11-08 18:03:02"
"30","20508074281","Expreso Grael Sociedad Anonima Cerrada","Lima","Lima","La Victoria","JR. ABTAO 701","Desaguadero-ILAVE-Puno-ILO-MOQUEGUA-TACNA","0","0000-00-00 00:00:00","2024-11-08 18:02:52"
"31","20508074281","Expreso Grael Sociedad Anonima Cerrada","Lima","Lima","La Victoria","Av. Prolongacion Andahuaylas Nro. 699 Int. A","Huancané","0","0000-00-00 00:00:00","0000-00-00 00:00:00"
"32","20508074281","Expreso Grael Sociedad Anonima Cerrada","Lima","Lima","La Victoria","Av. Prolongacion Andahuaylas Nro. 699 Int. A","Madre De Dios","0","0000-00-00 00:00:00","2024-09-07 16:02:50"
"33","20508074281","Expreso Grael Sociedad Anonima Cerrada","Lima","Lima","La Victoria","Av. Prolongacion Andahuaylas Nro. 699 Int. A","Ilo","0","0000-00-00 00:00:00","0000-00-00 00:00:00"
"34","20508074281","Expreso Grael Sociedad Anonima Cerrada","Lima","Lima","La Victoria","Av. Prolongacion Andahuaylas Nro. 699 Int. A","Moquegua","0","0000-00-00 00:00:00","2024-06-25 15:34:34"
"35","20508074281","Expreso Grael Sociedad Anonima Cerrada","Lima","Lima","La Victoria","Av. Prolongacion Andahuaylas Nro. 699 Int. A","Tacna","0","0000-00-00 00:00:00","0000-00-00 00:00:00"
"36","20600876211","GRAU LOGISTICA EXPRESS S.A.","Callao","Callao","Callao","Cal.1 Nro. 253 Urb. Fdo. Bocanegra Alto (Frente Al Aeropuerto Jorge Chavez)","Tumbes","0","0000-00-00 00:00:00","2024-02-08 15:45:25"
"37","20600876211","Grau Logistica Express S.A.","Callao","Callao","Callao","Cal.1 Nro. 253 Urb. Fdo. Bocanegra Alto (Frente Al Aeropuerto Jorge Chavez)","Arequipa","1","0000-00-00 00:00:00","2024-02-08 15:42:21"
"38","20600876211","Grau Logistica Express S.A.","Callao","Callao","Callao","Cal.1 Nro. 253 Urb. Fdo. Bocanegra Alto (Frente Al Aeropuerto Jorge Chavez)","La Libertad","1","0000-00-00 00:00:00","2024-02-08 15:42:17"
"39","20600876211","Grau Logistica Express S.A.","Callao","Callao","Callao","Cal.1 Nro. 253 Urb. Fdo. Bocanegra Alto (Frente Al Aeropuerto Jorge Chavez)","Piura Paita","1","0000-00-00 00:00:00","2024-02-08 15:42:14"
"40","20600876211","Grau Logistica Express S.A.","Callao","Callao","Callao","Cal.1 Nro. 253 Urb. Fdo. Bocanegra Alto (Frente Al Aeropuerto Jorge Chavez)","Trujillo","1","0000-00-00 00:00:00","2024-02-08 15:42:07"
"41","20600876211","Grau Logistica Express S.A.","Callao","Callao","Callao","Cal.1 Nro. 253 Urb. Fdo. Bocanegra Alto (Frente Al Aeropuerto Jorge Chavez)","Cajamarca","1","0000-00-00 00:00:00","2024-01-23 14:13:11"
"42","20600876211","Grau Logistica Express S.A.","Callao","Callao","Callao","Cal.1 Nro. 253 Urb. Fdo. Bocanegra Alto (Frente Al Aeropuerto Jorge Chavez)","Chimbote","1","0000-00-00 00:00:00","2024-01-23 14:13:04"
"43","20601100160","OPERADOR LOGISTICO HBK S.A.C.","LA LIBERTAD","TRUJILLO","TRUJILLO","MZA. 24A LOTE. 3 URB. LA RINCONADA","Chimbote - Trujillo - La Libertad","0","0000-00-00 00:00:00","2024-02-13 16:47:48"
"44","20601100160","Operador Logistico Hbk S.A.C.","La Libertad","Trujillo","Trujillo","Mza. 24A Lote. 3 Urb. La Rinconada","Huamachuco","1","0000-00-00 00:00:00","2024-02-13 16:45:09"
"45","20609135124","TRANSPORTES JBG PERU S.A.C","LIMA","LIMA","LA VICTORIA","JR. BAUSATE Y MEZA 690 - LA VICTORIA","Ancash","0","0000-00-00 00:00:00","2024-03-07 15:41:12"
"46","20545461499","Masicgeo E.I.R.L.","Lima","Lima","La Victoria","Av. 28 De Julio Nro. 1529 Int. 2","Huanuco","1","0000-00-00 00:00:00","2024-02-21 15:52:15"
"47","20545461499","Masicgeo E.I.R.L.","Lima","Lima","La Victoria","Av. 28 De Julio Nro. 1529 Int. 3","Tingo Maria","1","0000-00-00 00:00:00","2024-02-21 15:52:13"
"48","20545461499","Masicgeo E.I.R.L.","Lima","Lima","La Victoria","Av. 28 De Julio Nro. 1529 Int. 4","Aguaytia","1","0000-00-00 00:00:00","2024-02-21 15:52:10"
"49","20545461499","Masicgeo E.I.R.L.","Lima","Lima","La Victoria","Av. 28 De Julio Nro. 1529 Int. 5","Tarapoto","1","0000-00-00 00:00:00","2024-02-21 15:52:07"
"50","20545461499","Masicgeo E.I.R.L.","Lima","Lima","La Victoria","Av. 28 De Julio Nro. 1529 Int. 6","Moyobamba","1","0000-00-00 00:00:00","2024-02-21 15:52:04"
"51","20545461499","Masicgeo E.I.R.L.","Lima","Lima","La Victoria","Av. 28 De Julio Nro. 1529 Int. 7","Rioja","1","0000-00-00 00:00:00","2024-02-21 15:52:01"
"52","20545461499","Masicgeo E.I.R.L.","Lima","Lima","La Victoria","Av. 28 De Julio Nro. 1529 Int. 8","Iquitos","1","0000-00-00 00:00:00","2024-02-21 15:51:58"
"53","20545461499","Masicgeo E.I.R.L.","Lima","Lima","La Victoria","Av. 28 De Julio Nro. 1529 Int. 9","Bagua Chica","1","0000-00-00 00:00:00","2024-02-21 15:51:55"
"54","20545461499","Masicgeo E.I.R.L.","Lima","Lima","La Victoria","Av. 28 De Julio Nro. 1529 Int. 10","Bagua Grande","1","0000-00-00 00:00:00","2024-02-21 15:51:53"
"55","20545461499","Masicgeo E.I.R.L.","Lima","Lima","La Victoria","Av. 28 De Julio Nro. 1529 Int. 10","Chachapoyas","1","0000-00-00 00:00:00","2024-02-21 15:51:50"
"56","20498189637","Arequipa Expreso Marvisur Eirl","Arequipa","Arequipa","Arequipa","Cal.Garci Carbajal Nro. 511 Urb. Iv Centenario","Todo El Peru","1","0000-00-00 00:00:00","2024-02-12 14:46:16"
"57","20610431420","TRANSPORTES MORON EXPRESS S.R.L.","LIMA","LIMA","LA VICTORIA","PRO.LA MAR NRO. 181","ICA - CAÑETE","0","0000-00-00 00:00:00","2024-04-04 22:52:23"
"58","20165533101","TRANSPORTES MORON PONCE S.R.L.","LIMA","LIMA","LA VICTORIA","JR. ANTONIO RAIMONDI NRO. 1077 (ALTURA ESQUINA DE LUCANAS Y RAIMONDI)","ICA","0","0000-00-00 00:00:00","2024-07-18 15:17:30"
"59","20458949671","Transporte Carguero Pegaso Srl","Lima","Lima","Ate","Cal.La Calera Nro. 290 Urb. Huerto De Santa Lucia","Huancane","0","0000-00-00 00:00:00","0000-00-00 00:00:00"
"60","20458949671","Transporte Carguero Pegaso Srl","Lima","Lima","Ate","Cal.La Calera Nro. 290 Urb. Huerto De Santa Lucia","Puno - Juliaca","0","0000-00-00 00:00:00","2024-04-05 14:12:23"
"61","20605045244","Transportes Saul Ruiz E.I.R.L.","Cajamarca","Cajamarca","Cajamarca","Jr. Las Palmeras Nro. 242 (Espalda De La Sanidad)","Cajamarca","0","0000-00-00 00:00:00","2024-04-02 16:51:41"
"62","20608596284","Logistica Imperio Via Saywite S.A.C.","Lima","Lima","La Victoria","Av. Javier Luna Pizarro Nro. 308","Cusco","0","0000-00-00 00:00:00","0000-00-00 00:00:00"
"63","20607051977","Transporte Vilma Express S.R.L.","Lima","Lima","La Victoria","Jr. Mendoza Merino Nro. 608","Norte Chico - Huacho","0","0000-00-00 00:00:00","2024-03-18 18:06:24"
"64","20498189637","AREQUIPA EXPRESO MARVISUR EIRL","LIMA","LIMA","LA VICTORIA","JR. HUMBOLDT 701","CUSCO",,,"2024-02-12 19:44:29"
"65","20612084956","TRANSPORTE CURRIER SOLANO S.R.L.","LIMA","LIMA","LA VICTORIA","AV. BAUSATE Y MEZA N°690 - LA VICTORIA","HUARAZ",,,"2024-05-02 22:54:55"
"66","20610324291","MULTISERVICIOS TRANSPORTES & DISTRIBUCIONES EVANAN E.I.R.L.","AYACUCHO","HUAMANGA","JESUS NAZARENO","AV. SAN FELIPE MZA. E LOTE. 4","AYACUCHO",,,"2024-02-08 15:41:44"
"67","10464893283","INVERSIONES ANDESKAR SAC","SAN LUIS","LIMA","LIMA","RIO NAZCA 243","PIURA",,,"2024-05-15 18:11:40"
"68","20545461499","MASICGEO E.I.R.L.","LIMA","LIMA","LA VICTORIA","JR. HUMBOLDT 631 - LA VICTORIA","LORETO","1",,"2024-02-21 15:52:33"
"69","20605825126","ZARITA OPERADOR LOGISTICO E.I.R.L.","LIMA","LIMA","SAN LUIS","CAL.RIO PIURA NRO. 233 URB. LAS MORAS - SAN LUIS","PASCO",,,
"70","20522893197","TRANSPORTE EL NORTEÑITO SOCIEDAD ANONIMA CERRADA","LIMA","LIMA","LA VICTORIA","JR.  MENDOZA MERINO 836 - VICTORIA","LAMBAYEQUE",,,"2024-02-08 15:47:25"
"71","20428474881","TURISMO ESPINOZA E.I.R.L.","LIMA","LIMA","LIMA","JR. CARLOS ZAVALA NRO. 235","HUANCAVELICA",,,
"72","20379430377","TRANSPORTES CORPORATIVOS S.A.","LIMA","LIMA","CHORILLOS","AV. ALAMEDA LOS PINOS NRO. 449 URB. VILLA MARINA","SANTA ANITA",,,
"73","20603526041","TRANSFICES E.I.R.L.","LA LIBERTAD","CHEPÉN","CHEPÉN","JR OBREROS 631 LA VICTORIA - LIMA","LA LIBERTAD",,,
"74","20545461499","MASICGEO E.I.R.L.","LIMA","LIMA","LA VICTORIA","JR. ABTAO 835","HUANUCO",,,"2024-03-25 15:55:10"
"75","20600876211","GRAU LOGISTICA EXPRESS S.A.","CALLAO","CALLAO","CALLAO","CAL.1 NRO. 253 URB. FDO. BOCANEGRA ALTO (FRENTE AL AEROPUERTO JORGE CHAVEZ)","AREQUIPA - CHICLAYO - CHIMBOTE",,,
"76","20610324291","MULTISERVICIOS TRANSPORTES & DISTRIBUCIONES EVANAN E.I.R.L.","LIMA","LIMA","LA VICTORIA","JR. ANDAHUAYLAS 313","CUSCO",,,"2024-04-16 17:48:39"
"77","20553025291","ERIK PERU CARGO S.A.C","LIMA","LIMA","LIMA","JR. -AUSTRIA NRO. 1349 URB. SAN RAFAEL","LORETO",,,
"78","20554902520","HERMANOS QUILLA CARGO SOCIEDAD ANONIMA CERRADA","LIMA","LIMA","LA VICTORIA","AV. ANDAHUAYLAS NRO 935","QUILLABAMBA",,,
"79","20606325402","TRANSPORTES & SERVICIOS GENERALES VALLADOLID E.I.R.L.","LIMA","LIMA","LA VICTORIA","Prol. Cangallo 1260 Urb Matute","CAJAMARCA",,,"2024-03-02 15:44:45"
"80","20262670130","EMPRESA DE TRANSPORTES SELVA CENTRAL E.I.R.L.","LIMA","LIMA","SAN LUIS","Calle Rio Nazca 171, San Luis, Lima","CHANCHAMAYO",,,"2024-04-24 15:15:38"
"81","20601857295","TRANSPORTES Y SERVICIOS MELARIEL E.I.R.L.","LIMA","LIMA","LA VICTORIA","Jr. San Lorenzo 329","AREQUIPA",,,
"82","20601857457","TRANSPORTES LOGISTICOS Y TURISTICOS SEÑOR DE LUREN EXPRESS E.I.R.L.","LIMA","LIMA","LA VICTORIA","Av Bauzate y Meza 175","HUARAL",,,
"83","20605045244","TRANSPORTES SAUL RUIZ E.I.R.L.","LIMA","LIMA","LA VICTORIA","JR. JIRON RAIMONDI 978",,,,"2024-04-02 22:44:55"
"84","20609930552","MEKARTER","LIMA","LIMA","SAN MARTIN DE PORRES","Jr. Pedro Davalos Lisson N° 14 / Oficina 104 lima cercado/ Referencia: Cuadrante la av. Garcilaso de la vega y Jr. Quilca",,,,"2024-04-08 21:46:27"
"85","20602533213","HUAPAYA EXPRESS SOCIEDAD COMERCIAL DE RESPONSABILIDAD LIMITADA","LIMA","LIMA","LA VICTORIA","PRO.ANDAHUAYLAS NRO. 218",,,,
"86","20498189637","AREQUIPA EXPRESO MARVISUR EIRL","LAMBAYEQUE","CHICLAYO","CHICLAYO","CALLE TACNA NRO. 999 ESQ.CON SARMIENTO",,,,
"87","20562844199","TODO CARGO E.I.R.L.","LIMA","LIMA","LA VICTORIA","Jr. Luna Pizarro 592 la victoria",,,,
"88","20608241931","EXPRESO PARI S.A.C.","LIMA","LIMA","LA VICTORIA","R. FRANCIA MZA. 56 LOTE. 13 (ALT CDRA 12 DE AV ABTAO CON JR FRANCIA)",,,,
"89","20572235379","AGENCIA “Peralta Paredes Cargo”","LIMA","LIMA","LA VICTORIA","JR. HIPOLITO UNANUE 808 - LA          VICTORIA",,,,
"90","20511464685","CARGO LOS ANDES S.R.L.","LIMA","LIMA","SAN LUIS","JR. RIO TUMBES NRO. 285 URB. LAS MORAS (ALT.CDRA 8 AV.SAN JUAN)",,,,"2024-04-25 21:48:27"
"91","20608632761","TRANSPORTES ""MINAYA""","LIMA","LIMA","SAN MARTIN","MZA. F LOTE. 11 P.J. C. MARIATEGUI",,,,
"92","20544441923","RABBIT EXPRESS S.A.C","23RA","LIMA","LA VICTORIA","AV. DE LAS AMERICAS 1363","-",,,"2024-05-11 16:39:52"
"93","20556552780","EMPRESA DE SERVICIOS MULTIPLES EUROCHANKA SOCIEDAD ANONIMA CERRADA - EUROCHANKA","LIMA","LIMA","LA VICTORIA","JR ANDAHUAYLAS 935 / Referencia cruce con Isabel La Catolica",,,,
"94","20606494921","TRANSPORTE BURGA CARGO S.A.C.","LIMA","LA VICTORIA","LA VICTORIA","MANUEL CISNEROS 394","CAJAMARCA",,,
"95","10104113376","EL ZORRO / OCAÑO GARCIA EPIFANIO RUFINO","LIMA","LIMA","PUENTE PIEDRA","D, Puente Piedra 15117","-",,,"2024-05-23 16:36:12"
"96","20601353878","TRANSPORTE PRUEBA","CUSCO","CUSCO","CUSCO","San Carlos","Cusco2",,,
"97","20606980168","LINEA INTERPROVINCIAL DE TRANSPORTE DEL NORTE S.A.C.","LIMA","LIMA","LIMA","AV. PASEO DE LA REPUBLICA NRO. 646 URB. SANTA BEATRIZ",,,,
"98","20611785241","INVERSIONES 4VILLANUEVAS E.I.R.L.","LIMA","LIMA","SAN MARTIN DE PORRES","AV TOMAS VALLE 1169 URB SAN AMADEO DE GARAGAY",,,,"2024-05-27 22:05:05"
"99","20490200402","MCJ CARGO EXPRESS","LIMA","LIMA","LA VICTORIA","JR MERINO MENDOZA N°660",,,,
"100","20542646820","JATSA SERVICIOS GENERALES E.I.R.L.","LIMA","LIMA","LA VICTORIA","Av. Parinacochas, La Victoria 15033","-",,,"2024-06-03 23:08:57"
"101","20120545303","CENTRAL PERU S.A","LIMA","LIMA","LINCE","AV. AREQUIPA NRO. 2644","CHICLAYO, PIURA, TARMA, HUANCAYO, CAJAMARCA, TRUJILO, CERRO DE PASCO, LA OROYA",,,
"102","20564099989","TRANSPORTE DE CARGA GUIZADO S.A.C","LIMA","LIMA","SAN LUIS","Jr.rio piura 286 san luis","AYACUCHO - APURIMAC",,,"2024-06-10 14:40:08"
"103","20606440856","COMPAÑIA LOGISTICA VELSAN S.A.C","LIMA","LIMA","LA VICORIA","JR. MENDOZA MERINO 880 - LAVICTORIA","LA LIBERTAD - CHEPEN",,,
"104","20555954884","EXPRESO EL ALTIPLANO S.R.L.","LIMA","LIMA","LA VICTORIA","JIROR HIPOLITO UNANUE N° 682 LA VICTORIA",,,,"2025-10-28 21:06:17"
"105","10464893283","TRANSPORTES ANDESKAR","LAMBAYE","CHICLAYO","LA VICTORIA","Antenor Orrego 1863  la victoria","LA LIBERTAD - CHICLAYO",,,
"106","20603162499","PLACACENTRO DEL NORTE E.I.R.L","LIMA","LIMA","SAN MARTIN DE PORRES","Auxiliar Avenida Tomás Valle 1115, Lima 15103","JANE - BAGUA - SAN IGNACIO",,,"2024-06-17 16:07:43"
"107","20607981702","EXPRESO ALFREDITO SOCIEDAD COMERCIAL DE RESPONSABILIDAD LIMITADA","LIMA","LIMA","LA VICTORIA","JR HIPOLITO  UNANUE N 808",,,,
"108","20611599197","VILCANOTA EXPRESS S.A.C.","LIMA","LIMA","LA VICTORIA","JR. OBREROS NRO. 631",,,,
"109","20603079915","CORPORACION RB ESPINOZA SOCIEDAD ANONIMA CERRADA","LIMA","LIMA","LURIGANCHO","Ovalo huañi huachipa lurigancho / Está por la prialé  paradero estadio",,,,"2024-06-27 17:18:32"
"110","20508074281","EXPRESO GRAEL SOCIEDAD ANONIMA CERRADA","LIMA","LIMA","LA VICTORIA","JR. ABTAO N° 698","CUSCO",,,"2024-07-04 15:12:04"
"111","20507614109","SAN PEDRO CARGO SOCIEDAD ANONIMA CERRADA","LIMA","LIMA","LA VICTORIA","28 de julio 1538","PASCO - HUANUCO - LA MERCED",,,
"112","20507614109","SAN PEDRO CARGO SOCIEDAD ANONIMA CERRADA","LIMA","LIMA","LA VICTORIA","28 de julio 1538","PASCO - HUANUCO - LA MERCED",,,
"113","20498189637","AREQUIPA EXPRESO MARVISUR EIRL","LIMA","LIMA","LA VICTORIA","JR RENOVACION 530","HUANUCO,TINGO MARIA, CERRO DE PASCO, PUCALLPA",,,
"114","20498189637","AREQUIPA EXPRESO MARVISUR EIRL","JUNIN","HUANCAYO","CHILCA","AVENIDA LEONCIO PRADO 814",,,,
"115","20604037167","EMPRESA DE TRANSPORTES Y SERVICIOS MULTIPLES EL SANTEÑITO EXPRESS S.A.C","LIMA","LIMA","LA VICTORIA","Pj Raimondi 230, Cercado de Lima 15033, Perú","LA LIBERTAD",,,
"116","20610394478","TRADEINDEO E.I.R.L.","JUNIN","LIMA","LIMA - SAN LUIS","AVENIDA CIRCUNVALACIÓN 1964 - SAN LUIS",,,,"2024-07-25 17:58:21"
"117","20612432512","TRANSPORTE AGAEL S.A.C","lima","lima","LA VICTORIA","Jr Hipolito unanue 808","AREQUIPA, PUNO , JULIACA, CUSCO, TACNA, PTO, MALDONADO, TUMBES, PIURA, CHICLAYO, TRUJILLO, IQUITOS, TARAPOTO, PUCALLPA",,,
"118","20162574435","AREQUIPA EXPRESS COMITE 4 S.C.R.L.","LIMA","LIMA","LA VICTORIA","Jr. Luna Pizarro 594, Lima 15033",,,,
"119","20605203346","CORPORACION P&S TRAVEL ADVENTURE E.I.R.L.","LIMA","LIMA","LA VICTORIA","Jirón Luna Pizarro 369 La victoria",,,,"2024-08-29 16:31:28"
"120","20600789083","TRANSPORTES TERESITA CARGO EXPRÉS EMPRESA INDIVIDUAL DE RESPONSABILIDAD LIMITADA","LIMA","LIMA","LA VICTORIA","PROLONGACION HUAMANGA 199","TARMA",,,"2024-09-04 15:02:11"
"121","10404568201","CAPIA MAMANI NOHEMI","LIMA","LIMA","LA VICTORIA","San Cristóbal 738-790, Lima 15033","-",,,"2024-09-04 22:28:24"
"122","20600876211","GRAU LOGISTICA EXPRESS S.A.","ANCASH","SANTA","CHIMBOTE","Av. Pardo 2332, Chimbote 02801","-",,,
"123","20605657649","CORPORACION CENTRAL EXPRESS S.R.L.","JUNIN","HUANCAYO","HUANCAYO","JR TARAPACA 1001",,,,
"124","20539375271","TRANSPORTES CENTELLA S.R.L.","AREQUIPA","AREQUIPA","Jose Luis Bustamante y Rivero- Arequipa","Av.andres Avelino Cáceres 310 / Jose Luis Bustamante y Rivas",,,,"2024-10-03 15:01:29"
"125","20600876211","GRAU LOGISTICA EXPRESS S.A.","PIURA","PAITA","PAITA","Cerro Ahorcado, Carretera Panamericana Norte Piura-Sullana Km. 1010.5","PAITA",,,
"126","20297863135","Transporte Sanson","LIMA","LIMA","LA VICTORIA","Av Pablo Patron 329, Lima 15019","-",,,
"127","20508074281","EXPRESO GRAEL SOCIEDAD ANONIMA CERRADA","CUSCO","SICUANI","SICUANI","AZ . PANAMERICANA SUR LT 3 COSTADO DE GRIFO CORIMANYA",,,,
"128","10441760367","QUISPE CASTELLANOS CESAR","LIMA","LIMA","LA VICTORIA","Prolongacion Andahuylas 876 jara express",,,,
"129","10403140746","VARGAS CHAUCA VLADIMIR NUMA","AREQUIPA","AREQUIPA","AREQUIPA","CALLE ISAAC RECABARREN 211",,,,
"130","20607981702","EXPRESO ALFREDITO SOCIEDAD COMERCIAL DE RESPONSABILIDAD LIMITADA","AREQUIPA","AREQUIPA","AREQUIPA","CAL.UNION NRO. 32 OTR. CERCADO (FRENTE A LA CRUZ ROJA)",,,,
"131","20568061994","EXPRESO WARIVILCA PERU S.R.L.","LIMA","LIMA","LIMA","Carlos Zavala 145 - cercado de lima- al costado de ex terminal Ormeño.",,,,
"132","20601906911","TRANSPORTES DE CARGA EXPRESO ALFOCAR S.R.L.","AREQUIPA","AREQUIPA","SOCABAYA","CAL.PUMACAHUA NRO. 207 P.J. 4 DE OCTUBRE","-",,,"2024-11-04 17:53:09"
"133","20613259768","HUALPA SH EXPRESS S.A.C.","lima","LIMA","LA VICTORIA","JR MENDOZA MERINO 942 LA VICTORIA",,,,
"134","20601097762","INVERSIONES VAGNER SOCIEDAD ANONIMA CERRADA - INVERSIONES VAGNER S.A.C.","LIMA","LIMA","SANTA ANITA","CALLE 32 , Mza: C 06 Lote: 09, Urb. Residencial Sta Anita - Sta Anita - Lima",,,,
"135","10454548367","CASTRO MAMANI LUZ MARINA","PUNO","SAN ROMAN","JULIACA","av huancane  con  pasaje  los huancheros   n.114",,,,
"136","20490200402","MCJ CARGO EXPRESS","CUSCO","CUSCO","WANCHAQ","Av república de Bolivia pasaje Miraflores c-9 wanchac, Cusco",,,,
"137","20606379898","PUCALLPA EXPRESO MAJUORIENTE E.I.R.L","Ucayal","Calleria","Coronel Portillo","JR MENDOZA MERINO 942 LA VICTORIA",,,,
"138","20601421004","TRANSPORTES MULTISERVICIOS BASHUALDO'S S.A.C.","LIMA","LIMA","LIMA","Av. 28 de Julio 2195, La Victoria 15018",,,,
"139","20536727524","COSTEÑO ALIMENTOS S.A.C.","LIMA","LIMA","MAGDALENA DEL MAR",".CONTRALMIRANTE MONTERO NRO. 429 INT. 301",,,,
"140","20607603481","TRANSPORTES & DISTRIBUCIONES APOL'C S.R.L.","LIMA","LIMA","SAN MARTIN","CAL.CALLE NRO. 512 OTR. RICARDO O' DONOVAN (FRENTE AL PARQUE SAN MARTIN)",,,,
"141","20477167307","TUNESA EXPRES S.A.C.","LIMA","LIMA","LA VICTORIA","AV. Paseo de la Republica 1001","CHIMBOTE, CHAO, TRUJILLO, HUAMACHUCO, CHUCO, ARENA",,,"2025-02-27 22:27:18"
"142","20556186741","TRANSPORTES Y EVENTOS J & R S.A.C","LIMA","LIMA","LIMA","CAL.PRIMERO DE MAYO NRO. 363 OTR. CERCADO DE LIMA","LIMA",,,
"143","20600876211","GRAU LOGISTICA EXPRESS S.A.","CHICLAYO","CHOSICA DEL NORTE","LA VICTORIA","Mz. 34 Lt. 3",,,,
"144","10740719594","TOLENTINO BAZAN FRAN DIEGO - TRANSCARGA","LIMA","LIMA","LA VICTORIA","RENOVACIÓN 357",,"1",,"2025-06-18 22:47:21"
"145","20547560460","TRANSPORTE CARGO EL RAYO S.A.C.","LIMA","LIMA","LA VICTORIA","JR. HIPOLITO UNANUE 850","PIURA",,,
"146","20551024068","PROSERLIM S.R.L.","LIMA","LIMA","PUENTE PIEDRA","LOS CEREZOS 15116",,,,
"147","20611130067","EMPRESA DE TRANSPORTE EXPRESO SAYA E.I.R.L.","LIMA","LIMA","LA VICTORIA","AV. LUNA PIZARRO NRO 1264",,,,
"148","10702994034","CHIPANA TICONA DUHANER",,,,,,,,
"149","20604567948","EMPRESA DE CARGA REY & K S.A.C.","LIMA","LIMA","LA VICTORIA","AV. BAUSATE Y MEZA 911",,,,
"150","20613544306","EMPRESA DE TRANSPORTES LOGISTICO CARHUAMAYO CARGO S.A.C.","LIMA","LIMA","LA VICTORIA","AV. BAUSATE Y MEZA 690","YANACANCHA PASCO",,,
"151","20611984635","BASHUALDO SOCIEDAD ANÓNIMA CERRADA","LIMA","LIMA","LA VICTORIA","JR. AGUSTIN GAMARRA Nº237",,,,
"152","20601451175","MULTISERVICIOS BALDEON & JUNIN EMPRESA INDIVIDUAL DE RESPONSABILIDAD LIMITADA","LIMA","LIMA","LA VICTORIA","AV. LUNA PIZARRO NRO 234",,,,
"153","10740719594","TOLENTINO BAZAN FRAN DIEGO - LOGISTICA YA ACOK AGIL Y SEGURA","LIMA","LIMA","LA VICTORIA","JR. RENOVACION 300",,,,
"154","20607905283","TRANSPORTES GRAN PANAMEÑO SOCIEDAD COMERCIAL DE RESPONSABILIDAD LIMITADA","LIMA","LIMA","LA VICTORIA","AV. LUNA PIZARRO 433","PACHITEA",,,"2025-06-09 18:03:44"
"155","20613544306","EMPRESA DE TRANSPORTES LOGISTICO CARHUAMAYO CARGO S.A.C.","LIMA","LIMA","LA VICTORIA","JR. OBREROS NRO 177",,,,
"156","20610324291","MULTISERVICIOS TRANSPORTES & DISTRIBUCIONES EVANAN E.I.R.L.","AYACUCHO","HUAMANGA","AYACUCHO","JR. QUINUA NRO. 520 - DETRAS DE LA CLINICA NAZARENO","LIMA",,,
"157","20614277221","MULTISERVICIOS TRANSPORTES & DISTRIBUCIONES EVANAN CARGO E.I.R.L.","LIMA","LIMA","LA VICTORIA","PROLONGACIÓN ANDAHUAYLAS 313",,,,
"158","20611599197","VILCANOTA EXPRESS S.A.C.","CUSCO","CUSCO","SANTIAGO","URB. HUANCARO 1-2-3","SICUANI",,,
"159","20602395040","APUSUR CARGO E.I.R.L","LIMA","LIMA","LA VICTORIA","JR. RENOVACION 555 - LA VICTORIA","ABANCAY",,,
"160","20600876211","GRAU LOGISTICA EXPRESS S.A.","LA LIBERTAD","TRUJLLO","TRUJLLO","AV. AMERICA SUR NRO 2104 URB SANTA MARIA","CHIMBOTE",,,"2025-09-03 21:29:57"
"161","20611130067","EMPRESA DE TRANSPORTE EXPRESO SAYA E.I.R.L.","LIMA","LIMA","LA VICTORIA","AVENIDA LUNA PIZARRO N° 322","MADRE DE DIOS",,,
"162","10740719594","TOLENTINO BAZAN FRAN DIEGO - LOGISTICA YA ACOK AGIL Y SEGURA","LIMA","LIMA","LA VICTORIA","JR. RENOVACIÓN 318",,,,"2025-09-12 22:06:47"
"163","10740719594","TOLENTINO BAZAN FRAN DIEGO - LOGISTICA YA ACOK AGIL Y SEGURA","LIMA","LIMA","LA VICTORIA","Av. 28 de julio 1581, Ref. Terminal La Merced interior 7",,,,
"164","20498189637","AREQUIPA EXPRESO MARVISUR EIRL","LIMA","LIMA","LA VICTORIA","Jr. Humboldt 980 esq. con Jr Cangallo 600 - La Victoria","Arequipa, Espinar, Challhuahuacho, Velille, Santo Tomás, Sicuani",,,
"165","10740719594","TOLENTINO BAZAN FRAN DIEGO - LOGISTICA YA ACOK AGIL Y SEGURA","LIMA","LIMA","SAN LUIS","RIO NAZCA 243",,,,
"166","20132757187","EMPRESA DE TRANSPORTES EXPRESO LOBATO SOCIEDAD ANONIMA CERRADA","LIMA","LIMA","LA VICTORIA","Av. 28 de Julio 2101, La Victoria 15018",,,,
"167","20602900747","EXPRESSO BENAVIDES S.A.C.","LIMA","LIMA","LA VICTORIA","Jr. Manuel Cisneros 299, La Victoria 15033",,,,
"168","20614277221","MULTISERVICIOS TRANSPORTES & DISTRIBUCIONES EVANAN CARGO E.I.R.L.","AYACUCHO","HUAMANGA","AYACUCHO","JR. QUINUA NRO. 520 - DETRAS DE LA CLINICA NAZARENO","AYACUCHO",,,
"169","20513877324","EMPRESA DE TRANSPORTES MARIN HERMANOS SOCIEDAD ANONIMA CERRADA","LIMA","LIMA","LOS OLIVOS","AV. UNIVERSITARIA CD 38 MZA. A LOTE. 12",,,,
"170","20612084956","TRANSPORTE CURRIER SOLANO S.R.L.","ANCASH","HUARAZ","HUARAZ","Jr.Damaso Antúnez 748, Barrio Belén",,,,
"171","20602612911","EL AGUILA CARGO EXPRESS S.A.C.","LIMA","LIMA","LA VICTORIA","PRO.CANGALLO NRO. 667 URB. EL PORVENIR",,,,
"172","20602612911","EL AGUILA CARGO EXPRESS S.A.C.","LAMBAYEQUE","CHICLAYO","JOSE LEONARDO ORTIZ","San Marcos MZ B, José Leonardo Ortiz 14002",,,,"2025-12-04 15:07:22"
"173","20601470561","SERVICIO DE TRANSPORTES DE CARGA MIGRIVAL S.R.L.","LIMA","LIMA","LA VICTORIA","JR. HIPOLITO UNANUE 811",,,,"2025-12-11 14:58:34"
"174","20608751531","TRANSERVIS MARY E.I.R.L.","LIMA","LIMA","LA VICTORIA","JR. MANUEL CISNEROS NRO. 1020 (A 1.5 CDRAS DEL ESTADIO ALIANZA LIMA)",,,,
"175","10722569445","RIVERA SALAZAR JORGE LUIS - RIVERA CARGO","LIMA","LIMA","LIMA/CENTRO","LUNA PIZARRO 424 / CRUCE 28 DE JULIO",,,,"2025-12-23 18:05:10"
"176","10722569445","RIVERA SALAZAR JORGE LUIS","LIMA","LIMA","LIMA/CENTRO","LUNA PIZARRO 424 / CRUCE 28 DE JULIO",,,,
"177","20600876211","GRAU LOGISTICA EXPRESS S.A.","Lambayeque","Chiclayo","La Victoria","Mz. 34 Lt. 3 – La Victoria – Chosica del Norte",,,,
"178","20611379065","OPERADOR LOGISTICO POOL E.I.R.L.","LIMA","LIMA","ATE","PROLONGACIÓN MARISCAL DOMINGO NIETO 217 - LOS SAUCES ATE",,,,"2026-01-05 14:17:31"
"179","20605392416","VIAJES PERU COURIER EMPRESA INDIVIDUAL DE RESPONSABILIDAD LIMITADA","LIMA","LIMA","LA VICTORIA","JR Antonio Basso N 1490 con av México frente a Gamarra",,,,
"180","20602567762","TRANSPORTES JOSY SOCIEDAD COMERCIAL DE RESPONSABILIDAD LIMITADA - TRANSPORTES JOSY S.R.L.","LIMA","LIMA","LA VICTORIA","Jr. Hipólito Unanue N° 808,  Ref. Estadio Matute",,,,
